{
  "excel_to_db_time": 5.7729834580022725,
  "db_to_code_time": 0.37636700000075507,
  "total_time": 6.149350458003028,
  "processing_mode": "distributed",
  "performance_improvement": 2.81
}