{
  "excel_to_db": {
    "success": true,
    "time": 1.9884188329997414,
    "sheets_count": 2,
    "cells_count": 367,
    "file_name": "07_EVTC387 INV HW 사양 Cal 전변설.xlsx"
  },
  "db_to_code": {
    "success": true,
    "time": 0.378959333000239,
    "processed_items": 733,
    "sheets_processed": 3
  },
  "end_to_end": {
    "success": true,
    "total_time": 1.5478108749994135,
    "step1_time": 1.5427404579968425,
    "step2_time": 0.005063250002422137,
    "code_items_generated": 367,
    "file_processed": "07_EVTC387 INV HW 사양 Cal 전변설.xlsx"
  },
  "timestamp": "2025-06-12 21:38:48"
}